series,date,release_id,release_name,tier
CPI,2021-06-10,10,Consumer Price Index,1
CPI,2021-07-13,10,Consumer Price Index,1
CPI,2021-08-11,10,Consumer Price Index,1
CPI,2021-09-14,10,Consumer Price Index,1
CPI,2021-10-13,10,Consumer Price Index,1
CPI,2021-11-10,10,Consumer Price Index,1
CPI,2021-12-10,10,Consumer Price Index,1
CPI,2022-01-12,10,Consumer Price Index,1
CPI,2022-02-08,10,Consumer Price Index,1
CPI,2022-02-10,10,Consumer Price Index,1
CPI,2022-03-10,10,Consumer Price Index,1
CPI,2022-04-12,10,Consumer Price Index,1
CPI,2022-05-11,10,Consumer Price Index,1
CPI,2022-06-10,10,Consumer Price Index,1
CPI,2022-07-13,10,Consumer Price Index,1
CPI,2022-08-10,10,Consumer Price Index,1
CPI,2022-09-13,10,Consumer Price Index,1
CPI,2022-10-13,10,Consumer Price Index,1
CPI,2022-11-10,10,Consumer Price Index,1
CPI,2022-12-13,10,Consumer Price Index,1
CPI,2023-01-12,10,Consumer Price Index,1
CPI,2023-02-10,10,Consumer Price Index,1
CPI,2023-02-14,10,Consumer Price Index,1
CPI,2023-03-14,10,Consumer Price Index,1
CPI,2023-04-12,10,Consumer Price Index,1
CPI,2023-05-10,10,Consumer Price Index,1
CPI,2023-06-13,10,Consumer Price Index,1
CPI,2023-07-12,10,Consumer Price Index,1
CPI,2023-08-10,10,Consumer Price Index,1
CPI,2023-09-13,10,Consumer Price Index,1
CPI,2023-10-12,10,Consumer Price Index,1
CPI,2023-11-14,10,Consumer Price Index,1
CPI,2023-12-12,10,Consumer Price Index,1
CPI,2024-01-11,10,Consumer Price Index,1
CPI,2024-02-09,10,Consumer Price Index,1
CPI,2024-02-13,10,Consumer Price Index,1
CPI,2024-03-12,10,Consumer Price Index,1
CPI,2024-04-10,10,Consumer Price Index,1
CPI,2024-05-15,10,Consumer Price Index,1
CPI,2024-06-12,10,Consumer Price Index,1
CPI,2024-07-11,10,Consumer Price Index,1
CPI,2024-08-14,10,Consumer Price Index,1
CPI,2024-09-11,10,Consumer Price Index,1
CPI,2024-10-10,10,Consumer Price Index,1
CPI,2024-11-13,10,Consumer Price Index,1
CPI,2024-12-11,10,Consumer Price Index,1
CPI,2025-01-15,10,Consumer Price Index,1
CPI,2025-02-12,10,Consumer Price Index,1
CPI,2025-03-12,10,Consumer Price Index,1
CPI,2025-04-10,10,Consumer Price Index,1
CPI,2025-05-13,10,Consumer Price Index,1
CPI,2025-06-11,10,Consumer Price Index,1
CPI,2025-07-15,10,Consumer Price Index,1
CPI,2025-08-12,10,Consumer Price Index,1
CPI,2025-09-11,10,Consumer Price Index,1
CPI,2025-10-24,10,Consumer Price Index,1
CPI,2025-12-18,10,Consumer Price Index,1
CPI,2026-01-13,10,Consumer Price Index,1
CPI,2026-02-13,10,Consumer Price Index,1
CPI,2026-03-11,10,Consumer Price Index,1
CPI,2026-04-10,10,Consumer Price Index,1
CPI,2026-05-12,10,Consumer Price Index,1
CPI,2026-06-10,10,Consumer Price Index,1
CPI,2026-07-14,10,Consumer Price Index,1
CPI,2026-08-12,10,Consumer Price Index,1
CPI,2026-09-11,10,Consumer Price Index,1
CPI,2026-10-14,10,Consumer Price Index,1
CPI,2026-11-10,10,Consumer Price Index,1
CPI,2026-12-10,10,Consumer Price Index,1
Claims,2021-05-20,180,Unemployment Insurance Weekly Claims Report,2
Claims,2021-05-27,180,Unemployment Insurance Weekly Claims Report,2
Claims,2021-06-03,180,Unemployment Insurance Weekly Claims Report,2
Claims,2021-06-10,180,Unemployment Insurance Weekly Claims Report,2
Claims,2021-06-17,180,Unemployment Insurance Weekly Claims Report,2
Claims,2021-06-24,180,Unemployment Insurance Weekly Claims Report,2
Claims,2021-07-01,180,Unemployment Insurance Weekly Claims Report,2
Claims,2021-07-08,180,Unemployment Insurance Weekly Claims Report,2
Claims,2021-07-15,180,Unemployment Insurance Weekly Claims Report,2
Claims,2021-07-22,180,Unemployment Insurance Weekly Claims Report,2
Claims,2021-07-29,180,Unemployment Insurance Weekly Claims Report,2
Claims,2021-08-05,180,Unemployment Insurance Weekly Claims Report,2
Claims,2021-08-12,180,Unemployment Insurance Weekly Claims Report,2
Claims,2021-08-19,180,Unemployment Insurance Weekly Claims Report,2
Claims,2021-08-26,180,Unemployment Insurance Weekly Claims Report,2
Claims,2021-09-02,180,Unemployment Insurance Weekly Claims Report,2
Claims,2021-09-09,180,Unemployment Insurance Weekly Claims Report,2
Claims,2021-09-16,180,Unemployment Insurance Weekly Claims Report,2
Claims,2021-09-23,180,Unemployment Insurance Weekly Claims Report,2
Claims,2021-09-30,180,Unemployment Insurance Weekly Claims Report,2
Claims,2021-10-07,180,Unemployment Insurance Weekly Claims Report,2
Claims,2021-10-14,180,Unemployment Insurance Weekly Claims Report,2
Claims,2021-10-21,180,Unemployment Insurance Weekly Claims Report,2
Claims,2021-10-28,180,Unemployment Insurance Weekly Claims Report,2
Claims,2021-11-04,180,Unemployment Insurance Weekly Claims Report,2
Claims,2021-11-10,180,Unemployment Insurance Weekly Claims Report,2
Claims,2021-11-18,180,Unemployment Insurance Weekly Claims Report,2
Claims,2021-11-24,180,Unemployment Insurance Weekly Claims Report,2
Claims,2021-12-02,180,Unemployment Insurance Weekly Claims Report,2
Claims,2021-12-09,180,Unemployment Insurance Weekly Claims Report,2
Claims,2021-12-16,180,Unemployment Insurance Weekly Claims Report,2
Claims,2021-12-23,180,Unemployment Insurance Weekly Claims Report,2
Claims,2021-12-30,180,Unemployment Insurance Weekly Claims Report,2
Claims,2022-01-06,180,Unemployment Insurance Weekly Claims Report,2
Claims,2022-01-13,180,Unemployment Insurance Weekly Claims Report,2
Claims,2022-01-20,180,Unemployment Insurance Weekly Claims Report,2
Claims,2022-01-27,180,Unemployment Insurance Weekly Claims Report,2
Claims,2022-02-03,180,Unemployment Insurance Weekly Claims Report,2
Claims,2022-02-10,180,Unemployment Insurance Weekly Claims Report,2
Claims,2022-02-17,180,Unemployment Insurance Weekly Claims Report,2
Claims,2022-02-24,180,Unemployment Insurance Weekly Claims Report,2
Claims,2022-03-03,180,Unemployment Insurance Weekly Claims Report,2
Claims,2022-03-10,180,Unemployment Insurance Weekly Claims Report,2
Claims,2022-03-17,180,Unemployment Insurance Weekly Claims Report,2
Claims,2022-03-24,180,Unemployment Insurance Weekly Claims Report,2
Claims,2022-03-31,180,Unemployment Insurance Weekly Claims Report,2
Claims,2022-04-07,180,Unemployment Insurance Weekly Claims Report,2
Claims,2022-04-14,180,Unemployment Insurance Weekly Claims Report,2
Claims,2022-04-21,180,Unemployment Insurance Weekly Claims Report,2
Claims,2022-04-28,180,Unemployment Insurance Weekly Claims Report,2
Claims,2022-05-05,180,Unemployment Insurance Weekly Claims Report,2
Claims,2022-05-12,180,Unemployment Insurance Weekly Claims Report,2
Claims,2022-05-19,180,Unemployment Insurance Weekly Claims Report,2
Claims,2022-05-26,180,Unemployment Insurance Weekly Claims Report,2
Claims,2022-06-02,180,Unemployment Insurance Weekly Claims Report,2
Claims,2022-06-09,180,Unemployment Insurance Weekly Claims Report,2
Claims,2022-06-16,180,Unemployment Insurance Weekly Claims Report,2
Claims,2022-06-23,180,Unemployment Insurance Weekly Claims Report,2
Claims,2022-06-30,180,Unemployment Insurance Weekly Claims Report,2
Claims,2022-07-07,180,Unemployment Insurance Weekly Claims Report,2
Claims,2022-07-14,180,Unemployment Insurance Weekly Claims Report,2
Claims,2022-07-21,180,Unemployment Insurance Weekly Claims Report,2
Claims,2022-07-28,180,Unemployment Insurance Weekly Claims Report,2
Claims,2022-08-04,180,Unemployment Insurance Weekly Claims Report,2
Claims,2022-08-11,180,Unemployment Insurance Weekly Claims Report,2
Claims,2022-08-18,180,Unemployment Insurance Weekly Claims Report,2
Claims,2022-08-25,180,Unemployment Insurance Weekly Claims Report,2
Claims,2022-09-01,180,Unemployment Insurance Weekly Claims Report,2
Claims,2022-09-08,180,Unemployment Insurance Weekly Claims Report,2
Claims,2022-09-15,180,Unemployment Insurance Weekly Claims Report,2
Claims,2022-09-22,180,Unemployment Insurance Weekly Claims Report,2
Claims,2022-09-29,180,Unemployment Insurance Weekly Claims Report,2
Claims,2022-10-06,180,Unemployment Insurance Weekly Claims Report,2
Claims,2022-10-13,180,Unemployment Insurance Weekly Claims Report,2
Claims,2022-10-20,180,Unemployment Insurance Weekly Claims Report,2
Claims,2022-10-27,180,Unemployment Insurance Weekly Claims Report,2
Claims,2022-11-03,180,Unemployment Insurance Weekly Claims Report,2
Claims,2022-11-10,180,Unemployment Insurance Weekly Claims Report,2
Claims,2022-11-17,180,Unemployment Insurance Weekly Claims Report,2
Claims,2022-11-23,180,Unemployment Insurance Weekly Claims Report,2
Claims,2022-12-01,180,Unemployment Insurance Weekly Claims Report,2
Claims,2022-12-08,180,Unemployment Insurance Weekly Claims Report,2
Claims,2022-12-15,180,Unemployment Insurance Weekly Claims Report,2
Claims,2022-12-22,180,Unemployment Insurance Weekly Claims Report,2
Claims,2022-12-29,180,Unemployment Insurance Weekly Claims Report,2
Claims,2023-01-05,180,Unemployment Insurance Weekly Claims Report,2
Claims,2023-01-12,180,Unemployment Insurance Weekly Claims Report,2
Claims,2023-01-19,180,Unemployment Insurance Weekly Claims Report,2
Claims,2023-01-26,180,Unemployment Insurance Weekly Claims Report,2
Claims,2023-02-02,180,Unemployment Insurance Weekly Claims Report,2
Claims,2023-02-09,180,Unemployment Insurance Weekly Claims Report,2
Claims,2023-02-16,180,Unemployment Insurance Weekly Claims Report,2
Claims,2023-02-23,180,Unemployment Insurance Weekly Claims Report,2
Claims,2023-03-02,180,Unemployment Insurance Weekly Claims Report,2
Claims,2023-03-09,180,Unemployment Insurance Weekly Claims Report,2
Claims,2023-03-16,180,Unemployment Insurance Weekly Claims Report,2
Claims,2023-03-23,180,Unemployment Insurance Weekly Claims Report,2
Claims,2023-03-30,180,Unemployment Insurance Weekly Claims Report,2
Claims,2023-04-06,180,Unemployment Insurance Weekly Claims Report,2
Claims,2023-04-13,180,Unemployment Insurance Weekly Claims Report,2
Claims,2023-04-20,180,Unemployment Insurance Weekly Claims Report,2
Claims,2023-04-27,180,Unemployment Insurance Weekly Claims Report,2
Claims,2023-05-04,180,Unemployment Insurance Weekly Claims Report,2
Claims,2023-05-11,180,Unemployment Insurance Weekly Claims Report,2
Claims,2023-05-18,180,Unemployment Insurance Weekly Claims Report,2
Claims,2023-05-25,180,Unemployment Insurance Weekly Claims Report,2
Claims,2023-06-01,180,Unemployment Insurance Weekly Claims Report,2
Claims,2023-06-08,180,Unemployment Insurance Weekly Claims Report,2
Claims,2023-06-15,180,Unemployment Insurance Weekly Claims Report,2
Claims,2023-06-22,180,Unemployment Insurance Weekly Claims Report,2
Claims,2023-06-29,180,Unemployment Insurance Weekly Claims Report,2
Claims,2023-07-06,180,Unemployment Insurance Weekly Claims Report,2
Claims,2023-07-13,180,Unemployment Insurance Weekly Claims Report,2
Claims,2023-07-20,180,Unemployment Insurance Weekly Claims Report,2
Claims,2023-07-27,180,Unemployment Insurance Weekly Claims Report,2
Claims,2023-08-03,180,Unemployment Insurance Weekly Claims Report,2
Claims,2023-08-10,180,Unemployment Insurance Weekly Claims Report,2
Claims,2023-08-17,180,Unemployment Insurance Weekly Claims Report,2
Claims,2023-08-24,180,Unemployment Insurance Weekly Claims Report,2
Claims,2023-08-31,180,Unemployment Insurance Weekly Claims Report,2
Claims,2023-09-07,180,Unemployment Insurance Weekly Claims Report,2
Claims,2023-09-14,180,Unemployment Insurance Weekly Claims Report,2
Claims,2023-09-21,180,Unemployment Insurance Weekly Claims Report,2
Claims,2023-09-28,180,Unemployment Insurance Weekly Claims Report,2
Claims,2023-10-05,180,Unemployment Insurance Weekly Claims Report,2
Claims,2023-10-12,180,Unemployment Insurance Weekly Claims Report,2
Claims,2023-10-19,180,Unemployment Insurance Weekly Claims Report,2
Claims,2023-10-26,180,Unemployment Insurance Weekly Claims Report,2
Claims,2023-11-02,180,Unemployment Insurance Weekly Claims Report,2
Claims,2023-11-09,180,Unemployment Insurance Weekly Claims Report,2
Claims,2023-11-16,180,Unemployment Insurance Weekly Claims Report,2
Claims,2023-11-22,180,Unemployment Insurance Weekly Claims Report,2
Claims,2023-11-30,180,Unemployment Insurance Weekly Claims Report,2
Claims,2023-12-07,180,Unemployment Insurance Weekly Claims Report,2
Claims,2023-12-14,180,Unemployment Insurance Weekly Claims Report,2
Claims,2023-12-21,180,Unemployment Insurance Weekly Claims Report,2
Claims,2023-12-28,180,Unemployment Insurance Weekly Claims Report,2
Claims,2024-01-04,180,Unemployment Insurance Weekly Claims Report,2
Claims,2024-01-11,180,Unemployment Insurance Weekly Claims Report,2
Claims,2024-01-18,180,Unemployment Insurance Weekly Claims Report,2
Claims,2024-01-25,180,Unemployment Insurance Weekly Claims Report,2
Claims,2024-02-01,180,Unemployment Insurance Weekly Claims Report,2
Claims,2024-02-08,180,Unemployment Insurance Weekly Claims Report,2
Claims,2024-02-15,180,Unemployment Insurance Weekly Claims Report,2
Claims,2024-02-22,180,Unemployment Insurance Weekly Claims Report,2
Claims,2024-02-29,180,Unemployment Insurance Weekly Claims Report,2
Claims,2024-03-07,180,Unemployment Insurance Weekly Claims Report,2
Claims,2024-03-14,180,Unemployment Insurance Weekly Claims Report,2
Claims,2024-03-21,180,Unemployment Insurance Weekly Claims Report,2
Claims,2024-03-28,180,Unemployment Insurance Weekly Claims Report,2
Claims,2024-04-04,180,Unemployment Insurance Weekly Claims Report,2
Claims,2024-04-11,180,Unemployment Insurance Weekly Claims Report,2
Claims,2024-04-18,180,Unemployment Insurance Weekly Claims Report,2
Claims,2024-04-25,180,Unemployment Insurance Weekly Claims Report,2
Claims,2024-05-02,180,Unemployment Insurance Weekly Claims Report,2
Claims,2024-05-09,180,Unemployment Insurance Weekly Claims Report,2
Claims,2024-05-16,180,Unemployment Insurance Weekly Claims Report,2
Claims,2024-05-23,180,Unemployment Insurance Weekly Claims Report,2
Claims,2024-05-30,180,Unemployment Insurance Weekly Claims Report,2
Claims,2024-06-06,180,Unemployment Insurance Weekly Claims Report,2
Claims,2024-06-13,180,Unemployment Insurance Weekly Claims Report,2
Claims,2024-06-20,180,Unemployment Insurance Weekly Claims Report,2
Claims,2024-06-27,180,Unemployment Insurance Weekly Claims Report,2
Claims,2024-07-03,180,Unemployment Insurance Weekly Claims Report,2
Claims,2024-07-11,180,Unemployment Insurance Weekly Claims Report,2
Claims,2024-07-18,180,Unemployment Insurance Weekly Claims Report,2
Claims,2024-07-25,180,Unemployment Insurance Weekly Claims Report,2
Claims,2024-08-01,180,Unemployment Insurance Weekly Claims Report,2
Claims,2024-08-08,180,Unemployment Insurance Weekly Claims Report,2
Claims,2024-08-15,180,Unemployment Insurance Weekly Claims Report,2
Claims,2024-08-22,180,Unemployment Insurance Weekly Claims Report,2
Claims,2024-08-29,180,Unemployment Insurance Weekly Claims Report,2
Claims,2024-09-05,180,Unemployment Insurance Weekly Claims Report,2
Claims,2024-09-12,180,Unemployment Insurance Weekly Claims Report,2
Claims,2024-09-19,180,Unemployment Insurance Weekly Claims Report,2
Claims,2024-09-26,180,Unemployment Insurance Weekly Claims Report,2
Claims,2024-10-03,180,Unemployment Insurance Weekly Claims Report,2
Claims,2024-10-10,180,Unemployment Insurance Weekly Claims Report,2
Claims,2024-10-17,180,Unemployment Insurance Weekly Claims Report,2
Claims,2024-10-24,180,Unemployment Insurance Weekly Claims Report,2
Claims,2024-10-31,180,Unemployment Insurance Weekly Claims Report,2
Claims,2024-11-07,180,Unemployment Insurance Weekly Claims Report,2
Claims,2024-11-14,180,Unemployment Insurance Weekly Claims Report,2
Claims,2024-11-21,180,Unemployment Insurance Weekly Claims Report,2
Claims,2024-11-27,180,Unemployment Insurance Weekly Claims Report,2
Claims,2024-12-05,180,Unemployment Insurance Weekly Claims Report,2
Claims,2024-12-12,180,Unemployment Insurance Weekly Claims Report,2
Claims,2024-12-19,180,Unemployment Insurance Weekly Claims Report,2
Claims,2024-12-26,180,Unemployment Insurance Weekly Claims Report,2
Claims,2025-01-02,180,Unemployment Insurance Weekly Claims Report,2
Claims,2025-01-08,180,Unemployment Insurance Weekly Claims Report,2
Claims,2025-01-16,180,Unemployment Insurance Weekly Claims Report,2
Claims,2025-01-23,180,Unemployment Insurance Weekly Claims Report,2
Claims,2025-01-30,180,Unemployment Insurance Weekly Claims Report,2
Claims,2025-02-06,180,Unemployment Insurance Weekly Claims Report,2
Claims,2025-02-13,180,Unemployment Insurance Weekly Claims Report,2
Claims,2025-02-20,180,Unemployment Insurance Weekly Claims Report,2
Claims,2025-02-27,180,Unemployment Insurance Weekly Claims Report,2
Claims,2025-03-06,180,Unemployment Insurance Weekly Claims Report,2
Claims,2025-03-13,180,Unemployment Insurance Weekly Claims Report,2
Claims,2025-03-20,180,Unemployment Insurance Weekly Claims Report,2
Claims,2025-03-27,180,Unemployment Insurance Weekly Claims Report,2
Claims,2025-04-03,180,Unemployment Insurance Weekly Claims Report,2
Claims,2025-04-10,180,Unemployment Insurance Weekly Claims Report,2
Claims,2025-04-17,180,Unemployment Insurance Weekly Claims Report,2
Claims,2025-04-24,180,Unemployment Insurance Weekly Claims Report,2
Claims,2025-05-01,180,Unemployment Insurance Weekly Claims Report,2
Claims,2025-05-08,180,Unemployment Insurance Weekly Claims Report,2
Claims,2025-05-15,180,Unemployment Insurance Weekly Claims Report,2
Claims,2025-05-22,180,Unemployment Insurance Weekly Claims Report,2
Claims,2025-05-29,180,Unemployment Insurance Weekly Claims Report,2
Claims,2025-06-05,180,Unemployment Insurance Weekly Claims Report,2
Claims,2025-06-12,180,Unemployment Insurance Weekly Claims Report,2
Claims,2025-06-18,180,Unemployment Insurance Weekly Claims Report,2
Claims,2025-06-26,180,Unemployment Insurance Weekly Claims Report,2
Claims,2025-07-03,180,Unemployment Insurance Weekly Claims Report,2
Claims,2025-07-10,180,Unemployment Insurance Weekly Claims Report,2
Claims,2025-07-17,180,Unemployment Insurance Weekly Claims Report,2
Claims,2025-07-24,180,Unemployment Insurance Weekly Claims Report,2
Claims,2025-07-31,180,Unemployment Insurance Weekly Claims Report,2
Claims,2025-08-07,180,Unemployment Insurance Weekly Claims Report,2
Claims,2025-08-14,180,Unemployment Insurance Weekly Claims Report,2
Claims,2025-08-21,180,Unemployment Insurance Weekly Claims Report,2
Claims,2025-08-28,180,Unemployment Insurance Weekly Claims Report,2
Claims,2025-09-04,180,Unemployment Insurance Weekly Claims Report,2
Claims,2025-09-11,180,Unemployment Insurance Weekly Claims Report,2
Claims,2025-09-18,180,Unemployment Insurance Weekly Claims Report,2
Claims,2025-09-25,180,Unemployment Insurance Weekly Claims Report,2
Claims,2025-11-20,180,Unemployment Insurance Weekly Claims Report,2
Claims,2025-11-26,180,Unemployment Insurance Weekly Claims Report,2
Claims,2025-12-04,180,Unemployment Insurance Weekly Claims Report,2
Claims,2025-12-11,180,Unemployment Insurance Weekly Claims Report,2
Claims,2025-12-18,180,Unemployment Insurance Weekly Claims Report,2
Claims,2025-12-24,180,Unemployment Insurance Weekly Claims Report,2
Claims,2025-12-31,180,Unemployment Insurance Weekly Claims Report,2
Claims,2026-01-08,180,Unemployment Insurance Weekly Claims Report,2
Claims,2026-01-15,180,Unemployment Insurance Weekly Claims Report,2
Claims,2026-01-22,180,Unemployment Insurance Weekly Claims Report,2
Claims,2026-01-29,180,Unemployment Insurance Weekly Claims Report,2
Claims,2026-02-05,180,Unemployment Insurance Weekly Claims Report,2
Claims,2026-02-12,180,Unemployment Insurance Weekly Claims Report,2
Claims,2026-02-19,180,Unemployment Insurance Weekly Claims Report,2
Claims,2026-02-26,180,Unemployment Insurance Weekly Claims Report,2
Claims,2026-03-05,180,Unemployment Insurance Weekly Claims Report,2
Claims,2026-03-12,180,Unemployment Insurance Weekly Claims Report,2
Claims,2026-03-19,180,Unemployment Insurance Weekly Claims Report,2
Claims,2026-03-26,180,Unemployment Insurance Weekly Claims Report,2
Claims,2026-04-02,180,Unemployment Insurance Weekly Claims Report,2
Claims,2026-04-09,180,Unemployment Insurance Weekly Claims Report,2
Claims,2026-04-16,180,Unemployment Insurance Weekly Claims Report,2
Claims,2026-04-23,180,Unemployment Insurance Weekly Claims Report,2
Claims,2026-04-30,180,Unemployment Insurance Weekly Claims Report,2
Claims,2026-05-07,180,Unemployment Insurance Weekly Claims Report,2
Claims,2026-05-14,180,Unemployment Insurance Weekly Claims Report,2
Claims,2026-05-21,180,Unemployment Insurance Weekly Claims Report,2
Claims,2026-05-28,180,Unemployment Insurance Weekly Claims Report,2
Claims,2026-06-04,180,Unemployment Insurance Weekly Claims Report,2
Claims,2026-06-11,180,Unemployment Insurance Weekly Claims Report,2
Claims,2026-06-18,180,Unemployment Insurance Weekly Claims Report,2
Claims,2026-06-25,180,Unemployment Insurance Weekly Claims Report,2
Claims,2026-07-02,180,Unemployment Insurance Weekly Claims Report,2
Claims,2026-07-09,180,Unemployment Insurance Weekly Claims Report,2
Claims,2026-07-16,180,Unemployment Insurance Weekly Claims Report,2
Claims,2026-07-23,180,Unemployment Insurance Weekly Claims Report,2
Claims,2026-07-30,180,Unemployment Insurance Weekly Claims Report,2
Claims,2026-08-06,180,Unemployment Insurance Weekly Claims Report,2
Claims,2026-08-13,180,Unemployment Insurance Weekly Claims Report,2
Claims,2026-08-20,180,Unemployment Insurance Weekly Claims Report,2
Claims,2026-08-27,180,Unemployment Insurance Weekly Claims Report,2
Claims,2026-09-03,180,Unemployment Insurance Weekly Claims Report,2
Claims,2026-09-10,180,Unemployment Insurance Weekly Claims Report,2
Claims,2026-09-17,180,Unemployment Insurance Weekly Claims Report,2
Claims,2026-09-24,180,Unemployment Insurance Weekly Claims Report,2
Claims,2026-10-01,180,Unemployment Insurance Weekly Claims Report,2
Claims,2026-10-08,180,Unemployment Insurance Weekly Claims Report,2
Claims,2026-10-15,180,Unemployment Insurance Weekly Claims Report,2
Claims,2026-10-22,180,Unemployment Insurance Weekly Claims Report,2
Claims,2026-10-29,180,Unemployment Insurance Weekly Claims Report,2
Claims,2026-11-05,180,Unemployment Insurance Weekly Claims Report,2
Claims,2026-11-12,180,Unemployment Insurance Weekly Claims Report,2
Claims,2026-11-19,180,Unemployment Insurance Weekly Claims Report,2
Claims,2026-11-25,180,Unemployment Insurance Weekly Claims Report,2
Claims,2026-12-03,180,Unemployment Insurance Weekly Claims Report,2
Claims,2026-12-10,180,Unemployment Insurance Weekly Claims Report,2
Claims,2026-12-17,180,Unemployment Insurance Weekly Claims Report,2
Claims,2026-12-24,180,Unemployment Insurance Weekly Claims Report,2
Claims,2026-12-31,180,Unemployment Insurance Weekly Claims Report,2
FOMC,2022-01-26,101,FOMC Press Release,1
FOMC,2022-03-16,101,FOMC Press Release,1
FOMC,2022-05-04,101,FOMC Press Release,1
FOMC,2022-06-15,101,FOMC Press Release,1
FOMC,2022-07-27,101,FOMC Press Release,1
FOMC,2022-09-21,101,FOMC Press Release,1
FOMC,2022-11-02,101,FOMC Press Release,1
FOMC,2022-12-14,101,FOMC Press Release,1
FOMC,2023-02-01,101,FOMC Press Release,1
FOMC,2023-03-22,101,FOMC Press Release,1
FOMC,2023-05-03,101,FOMC Press Release,1
FOMC,2023-06-14,101,FOMC Press Release,1
FOMC,2023-07-26,101,FOMC Press Release,1
FOMC,2023-09-20,101,FOMC Press Release,1
FOMC,2023-11-01,101,FOMC Press Release,1
FOMC,2023-12-13,101,FOMC Press Release,1
FOMC,2024-01-31,101,FOMC Press Release,1
FOMC,2024-03-20,101,FOMC Press Release,1
FOMC,2024-05-01,101,FOMC Press Release,1
FOMC,2024-06-12,101,FOMC Press Release,1
FOMC,2024-07-31,101,FOMC Press Release,1
FOMC,2024-09-18,101,FOMC Press Release,1
FOMC,2024-11-07,101,FOMC Press Release,1
FOMC,2024-12-18,101,FOMC Press Release,1
FOMC,2025-01-29,101,FOMC Press Release,1
FOMC,2025-03-19,101,FOMC Press Release,1
FOMC,2025-05-07,101,FOMC Press Release,1
FOMC,2025-06-18,101,FOMC Press Release,1
FOMC,2025-07-30,101,FOMC Press Release,1
FOMC,2025-09-17,101,FOMC Press Release,1
FOMC,2025-10-29,101,FOMC Press Release,1
FOMC,2025-12-10,101,FOMC Press Release,1
FOMC,2026-01-28,101,FOMC Press Release,1
FOMC,2026-03-18,101,FOMC Press Release,1
FOMC,2026-04-29,101,FOMC Press Release,1
FOMC,2026-06-17,101,FOMC Press Release,1
FOMC,2026-07-29,101,FOMC Press Release,1
FOMC,2026-09-16,101,FOMC Press Release,1
FOMC,2026-10-28,101,FOMC Press Release,1
FOMC,2026-12-09,101,FOMC Press Release,1
FOMC,2027-01-27,101,FOMC Press Release,1
FOMC,2027-03-17,101,FOMC Press Release,1
FOMC,2027-04-28,101,FOMC Press Release,1
FOMC,2027-06-09,101,FOMC Press Release,1
FOMC,2027-07-28,101,FOMC Press Release,1
FOMC,2027-09-15,101,FOMC Press Release,1
FOMC,2027-10-27,101,FOMC Press Release,1
FOMC,2027-12-08,101,FOMC Press Release,1
GDP,2021-05-27,53,Gross Domestic Product,2
GDP,2021-06-24,53,Gross Domestic Product,2
GDP,2021-07-29,53,Gross Domestic Product,2
GDP,2021-08-06,53,Gross Domestic Product,2
GDP,2021-08-20,53,Gross Domestic Product,2
GDP,2021-08-26,53,Gross Domestic Product,2
GDP,2021-09-24,53,Gross Domestic Product,2
GDP,2021-09-30,53,Gross Domestic Product,2
GDP,2021-10-28,53,Gross Domestic Product,2
GDP,2021-10-29,53,Gross Domestic Product,2
GDP,2021-11-24,53,Gross Domestic Product,2
GDP,2021-12-22,53,Gross Domestic Product,2
GDP,2022-01-27,53,Gross Domestic Product,2
GDP,2022-02-24,53,Gross Domestic Product,2
GDP,2022-03-30,53,Gross Domestic Product,2
GDP,2022-04-28,53,Gross Domestic Product,2
GDP,2022-05-26,53,Gross Domestic Product,2
GDP,2022-06-29,53,Gross Domestic Product,2
GDP,2022-07-28,53,Gross Domestic Product,2
GDP,2022-08-25,53,Gross Domestic Product,2
GDP,2022-09-29,53,Gross Domestic Product,2
GDP,2022-10-06,53,Gross Domestic Product,2
GDP,2022-10-27,53,Gross Domestic Product,2
GDP,2022-11-30,53,Gross Domestic Product,2
GDP,2022-12-22,53,Gross Domestic Product,2
GDP,2023-01-26,53,Gross Domestic Product,2
GDP,2023-02-23,53,Gross Domestic Product,2
GDP,2023-03-30,53,Gross Domestic Product,2
GDP,2023-04-27,53,Gross Domestic Product,2
GDP,2023-05-25,53,Gross Domestic Product,2
GDP,2023-06-29,53,Gross Domestic Product,2
GDP,2023-07-27,53,Gross Domestic Product,2
GDP,2023-08-30,53,Gross Domestic Product,2
GDP,2023-09-28,53,Gross Domestic Product,2
GDP,2023-10-26,53,Gross Domestic Product,2
GDP,2023-11-17,53,Gross Domestic Product,2
GDP,2023-11-29,53,Gross Domestic Product,2
GDP,2023-12-21,53,Gross Domestic Product,2
GDP,2024-01-25,53,Gross Domestic Product,2
GDP,2024-02-28,53,Gross Domestic Product,2
GDP,2024-03-28,53,Gross Domestic Product,2
GDP,2024-04-25,53,Gross Domestic Product,2
GDP,2024-05-30,53,Gross Domestic Product,2
GDP,2024-06-27,53,Gross Domestic Product,2
GDP,2024-07-25,53,Gross Domestic Product,2
GDP,2024-08-29,53,Gross Domestic Product,2
GDP,2024-09-26,53,Gross Domestic Product,2
GDP,2024-10-02,53,Gross Domestic Product,2
GDP,2024-10-30,53,Gross Domestic Product,2
GDP,2024-11-27,53,Gross Domestic Product,2
GDP,2024-12-19,53,Gross Domestic Product,2
GDP,2025-01-30,53,Gross Domestic Product,2
GDP,2025-02-27,53,Gross Domestic Product,2
GDP,2025-03-27,53,Gross Domestic Product,2
GDP,2025-04-30,53,Gross Domestic Product,2
GDP,2025-05-29,53,Gross Domestic Product,2
GDP,2025-06-26,53,Gross Domestic Product,2
GDP,2025-07-30,53,Gross Domestic Product,2
GDP,2025-08-28,53,Gross Domestic Product,2
GDP,2025-09-25,53,Gross Domestic Product,2
GDP,2025-12-23,53,Gross Domestic Product,2
GDP,2026-01-22,53,Gross Domestic Product,2
GDP,2026-02-20,53,Gross Domestic Product,2
GDP,2026-03-13,53,Gross Domestic Product,2
GDP,2026-04-09,53,Gross Domestic Product,2
GDP,2026-04-30,53,Gross Domestic Product,2
GDP,2026-05-28,53,Gross Domestic Product,2
GDP,2026-06-25,53,Gross Domestic Product,2
GDP,2026-07-30,53,Gross Domestic Product,2
GDP,2026-08-26,53,Gross Domestic Product,2
GDP,2026-09-30,53,Gross Domestic Product,2
GDP,2026-10-29,53,Gross Domestic Product,2
GDP,2026-11-25,53,Gross Domestic Product,2
GDP,2026-12-23,53,Gross Domestic Product,2
JOLTS,2021-06-08,192,Job Openings and Labor Turnover Survey,2
JOLTS,2021-07-07,192,Job Openings and Labor Turnover Survey,2
JOLTS,2021-08-09,192,Job Openings and Labor Turnover Survey,2
JOLTS,2021-09-08,192,Job Openings and Labor Turnover Survey,2
JOLTS,2021-10-12,192,Job Openings and Labor Turnover Survey,2
JOLTS,2021-11-12,192,Job Openings and Labor Turnover Survey,2
JOLTS,2021-12-08,192,Job Openings and Labor Turnover Survey,2
JOLTS,2022-01-04,192,Job Openings and Labor Turnover Survey,2
JOLTS,2022-02-01,192,Job Openings and Labor Turnover Survey,2
JOLTS,2022-03-09,192,Job Openings and Labor Turnover Survey,2
JOLTS,2022-03-29,192,Job Openings and Labor Turnover Survey,2
JOLTS,2022-05-03,192,Job Openings and Labor Turnover Survey,2
JOLTS,2022-06-01,192,Job Openings and Labor Turnover Survey,2
JOLTS,2022-07-06,192,Job Openings and Labor Turnover Survey,2
JOLTS,2022-08-02,192,Job Openings and Labor Turnover Survey,2
JOLTS,2022-08-30,192,Job Openings and Labor Turnover Survey,2
JOLTS,2022-10-04,192,Job Openings and Labor Turnover Survey,2
JOLTS,2022-11-01,192,Job Openings and Labor Turnover Survey,2
JOLTS,2022-11-30,192,Job Openings and Labor Turnover Survey,2
JOLTS,2023-01-04,192,Job Openings and Labor Turnover Survey,2
JOLTS,2023-02-01,192,Job Openings and Labor Turnover Survey,2
JOLTS,2023-03-08,192,Job Openings and Labor Turnover Survey,2
JOLTS,2023-04-04,192,Job Openings and Labor Turnover Survey,2
JOLTS,2023-05-02,192,Job Openings and Labor Turnover Survey,2
JOLTS,2023-05-31,192,Job Openings and Labor Turnover Survey,2
JOLTS,2023-07-06,192,Job Openings and Labor Turnover Survey,2
JOLTS,2023-08-01,192,Job Openings and Labor Turnover Survey,2
JOLTS,2023-08-29,192,Job Openings and Labor Turnover Survey,2
JOLTS,2023-10-03,192,Job Openings and Labor Turnover Survey,2
JOLTS,2023-11-01,192,Job Openings and Labor Turnover Survey,2
JOLTS,2023-12-05,192,Job Openings and Labor Turnover Survey,2
JOLTS,2024-01-03,192,Job Openings and Labor Turnover Survey,2
JOLTS,2024-01-30,192,Job Openings and Labor Turnover Survey,2
JOLTS,2024-03-06,192,Job Openings and Labor Turnover Survey,2
JOLTS,2024-04-02,192,Job Openings and Labor Turnover Survey,2
JOLTS,2024-05-01,192,Job Openings and Labor Turnover Survey,2
JOLTS,2024-06-04,192,Job Openings and Labor Turnover Survey,2
JOLTS,2024-07-02,192,Job Openings and Labor Turnover Survey,2
JOLTS,2024-07-30,192,Job Openings and Labor Turnover Survey,2
JOLTS,2024-09-04,192,Job Openings and Labor Turnover Survey,2
JOLTS,2024-10-01,192,Job Openings and Labor Turnover Survey,2
JOLTS,2024-10-29,192,Job Openings and Labor Turnover Survey,2
JOLTS,2024-12-03,192,Job Openings and Labor Turnover Survey,2
JOLTS,2025-01-07,192,Job Openings and Labor Turnover Survey,2
JOLTS,2025-02-04,192,Job Openings and Labor Turnover Survey,2
JOLTS,2025-03-11,192,Job Openings and Labor Turnover Survey,2
JOLTS,2025-04-01,192,Job Openings and Labor Turnover Survey,2
JOLTS,2025-04-29,192,Job Openings and Labor Turnover Survey,2
JOLTS,2025-06-03,192,Job Openings and Labor Turnover Survey,2
JOLTS,2025-07-01,192,Job Openings and Labor Turnover Survey,2
JOLTS,2025-07-29,192,Job Openings and Labor Turnover Survey,2
JOLTS,2025-09-03,192,Job Openings and Labor Turnover Survey,2
JOLTS,2025-09-30,192,Job Openings and Labor Turnover Survey,2
JOLTS,2025-12-09,192,Job Openings and Labor Turnover Survey,2
JOLTS,2026-01-07,192,Job Openings and Labor Turnover Survey,2
JOLTS,2026-02-05,192,Job Openings and Labor Turnover Survey,2
JOLTS,2026-03-13,192,Job Openings and Labor Turnover Survey,2
JOLTS,2026-03-31,192,Job Openings and Labor Turnover Survey,2
JOLTS,2026-05-05,192,Job Openings and Labor Turnover Survey,2
JOLTS,2026-06-02,192,Job Openings and Labor Turnover Survey,2
JOLTS,2026-06-30,192,Job Openings and Labor Turnover Survey,2
JOLTS,2026-08-04,192,Job Openings and Labor Turnover Survey,2
JOLTS,2026-09-01,192,Job Openings and Labor Turnover Survey,2
JOLTS,2026-09-29,192,Job Openings and Labor Turnover Survey,2
JOLTS,2026-11-03,192,Job Openings and Labor Turnover Survey,2
JOLTS,2026-12-01,192,Job Openings and Labor Turnover Survey,2
NFP,2021-06-04,50,Employment Situation,1
NFP,2021-07-02,50,Employment Situation,1
NFP,2021-08-06,50,Employment Situation,1
NFP,2021-09-03,50,Employment Situation,1
NFP,2021-10-08,50,Employment Situation,1
NFP,2021-11-05,50,Employment Situation,1
NFP,2021-12-03,50,Employment Situation,1
NFP,2022-01-07,50,Employment Situation,1
NFP,2022-02-04,50,Employment Situation,1
NFP,2022-03-04,50,Employment Situation,1
NFP,2022-04-01,50,Employment Situation,1
NFP,2022-05-06,50,Employment Situation,1
NFP,2022-06-03,50,Employment Situation,1
NFP,2022-07-08,50,Employment Situation,1
NFP,2022-08-05,50,Employment Situation,1
NFP,2022-09-02,50,Employment Situation,1
NFP,2022-10-07,50,Employment Situation,1
NFP,2022-11-04,50,Employment Situation,1
NFP,2022-12-02,50,Employment Situation,1
NFP,2023-01-06,50,Employment Situation,1
NFP,2023-02-03,50,Employment Situation,1
NFP,2023-03-10,50,Employment Situation,1
NFP,2023-04-07,50,Employment Situation,1
NFP,2023-05-05,50,Employment Situation,1
NFP,2023-06-02,50,Employment Situation,1
NFP,2023-07-07,50,Employment Situation,1
NFP,2023-08-04,50,Employment Situation,1
NFP,2023-09-01,50,Employment Situation,1
NFP,2023-10-06,50,Employment Situation,1
NFP,2023-11-03,50,Employment Situation,1
NFP,2023-12-08,50,Employment Situation,1
NFP,2024-01-05,50,Employment Situation,1
NFP,2024-01-10,50,Employment Situation,1
NFP,2024-02-02,50,Employment Situation,1
NFP,2024-03-08,50,Employment Situation,1
NFP,2024-04-05,50,Employment Situation,1
NFP,2024-05-03,50,Employment Situation,1
NFP,2024-06-07,50,Employment Situation,1
NFP,2024-07-05,50,Employment Situation,1
NFP,2024-08-02,50,Employment Situation,1
NFP,2024-08-21,50,Employment Situation,1
NFP,2024-09-06,50,Employment Situation,1
NFP,2024-10-04,50,Employment Situation,1
NFP,2024-11-01,50,Employment Situation,1
NFP,2024-12-06,50,Employment Situation,1
NFP,2025-01-10,50,Employment Situation,1
NFP,2025-02-07,50,Employment Situation,1
NFP,2025-03-07,50,Employment Situation,1
NFP,2025-04-04,50,Employment Situation,1
NFP,2025-05-02,50,Employment Situation,1
NFP,2025-06-06,50,Employment Situation,1
NFP,2025-07-03,50,Employment Situation,1
NFP,2025-08-01,50,Employment Situation,1
NFP,2025-09-05,50,Employment Situation,1
NFP,2025-11-20,50,Employment Situation,1
NFP,2025-12-16,50,Employment Situation,1
NFP,2026-01-09,50,Employment Situation,1
NFP,2026-02-11,50,Employment Situation,1
NFP,2026-03-06,50,Employment Situation,1
NFP,2026-04-03,50,Employment Situation,1
NFP,2026-05-08,50,Employment Situation,1
NFP,2026-06-05,50,Employment Situation,1
NFP,2026-07-02,50,Employment Situation,1
NFP,2026-08-07,50,Employment Situation,1
NFP,2026-09-04,50,Employment Situation,1
NFP,2026-10-02,50,Employment Situation,1
NFP,2026-11-06,50,Employment Situation,1
NFP,2026-12-04,50,Employment Situation,1
PCE,2021-05-28,54,Personal Income and Outlays,1
PCE,2021-06-25,54,Personal Income and Outlays,1
PCE,2021-07-30,54,Personal Income and Outlays,1
PCE,2021-08-27,54,Personal Income and Outlays,1
PCE,2021-10-01,54,Personal Income and Outlays,1
PCE,2021-10-29,54,Personal Income and Outlays,1
PCE,2021-11-24,54,Personal Income and Outlays,1
PCE,2021-12-23,54,Personal Income and Outlays,1
PCE,2022-01-28,54,Personal Income and Outlays,1
PCE,2022-02-25,54,Personal Income and Outlays,1
PCE,2022-03-31,54,Personal Income and Outlays,1
PCE,2022-04-29,54,Personal Income and Outlays,1
PCE,2022-05-27,54,Personal Income and Outlays,1
PCE,2022-06-30,54,Personal Income and Outlays,1
PCE,2022-07-29,54,Personal Income and Outlays,1
PCE,2022-08-26,54,Personal Income and Outlays,1
PCE,2022-09-30,54,Personal Income and Outlays,1
PCE,2022-10-28,54,Personal Income and Outlays,1
PCE,2022-12-01,54,Personal Income and Outlays,1
PCE,2022-12-23,54,Personal Income and Outlays,1
PCE,2023-01-27,54,Personal Income and Outlays,1
PCE,2023-02-24,54,Personal Income and Outlays,1
PCE,2023-03-31,54,Personal Income and Outlays,1
PCE,2023-04-28,54,Personal Income and Outlays,1
PCE,2023-05-26,54,Personal Income and Outlays,1
PCE,2023-06-30,54,Personal Income and Outlays,1
PCE,2023-07-28,54,Personal Income and Outlays,1
PCE,2023-08-31,54,Personal Income and Outlays,1
PCE,2023-09-29,54,Personal Income and Outlays,1
PCE,2023-10-27,54,Personal Income and Outlays,1
PCE,2023-11-30,54,Personal Income and Outlays,1
PCE,2023-12-22,54,Personal Income and Outlays,1
PCE,2024-01-26,54,Personal Income and Outlays,1
PCE,2024-02-29,54,Personal Income and Outlays,1
PCE,2024-03-29,54,Personal Income and Outlays,1
PCE,2024-04-26,54,Personal Income and Outlays,1
PCE,2024-05-31,54,Personal Income and Outlays,1
PCE,2024-06-28,54,Personal Income and Outlays,1
PCE,2024-07-26,54,Personal Income and Outlays,1
PCE,2024-08-30,54,Personal Income and Outlays,1
PCE,2024-09-27,54,Personal Income and Outlays,1
PCE,2024-10-31,54,Personal Income and Outlays,1
PCE,2024-11-27,54,Personal Income and Outlays,1
PCE,2024-12-20,54,Personal Income and Outlays,1
PCE,2025-01-31,54,Personal Income and Outlays,1
PCE,2025-02-28,54,Personal Income and Outlays,1
PCE,2025-03-28,54,Personal Income and Outlays,1
PCE,2025-04-30,54,Personal Income and Outlays,1
PCE,2025-05-30,54,Personal Income and Outlays,1
PCE,2025-06-27,54,Personal Income and Outlays,1
PCE,2025-07-31,54,Personal Income and Outlays,1
PCE,2025-08-29,54,Personal Income and Outlays,1
PCE,2025-09-26,54,Personal Income and Outlays,1
PCE,2025-12-05,54,Personal Income and Outlays,1
PCE,2025-12-23,54,Personal Income and Outlays,1
PCE,2026-01-22,54,Personal Income and Outlays,1
PCE,2026-02-20,54,Personal Income and Outlays,1
PCE,2026-03-13,54,Personal Income and Outlays,1
PCE,2026-04-09,54,Personal Income and Outlays,1
PCE,2026-04-30,54,Personal Income and Outlays,1
PCE,2026-05-28,54,Personal Income and Outlays,1
PCE,2026-06-25,54,Personal Income and Outlays,1
PCE,2026-07-30,54,Personal Income and Outlays,1
PCE,2026-08-26,54,Personal Income and Outlays,1
PCE,2026-09-30,54,Personal Income and Outlays,1
PCE,2026-10-29,54,Personal Income and Outlays,1
PCE,2026-11-25,54,Personal Income and Outlays,1
PCE,2026-12-23,54,Personal Income and Outlays,1
PPI,2021-06-15,46,Producer Price Index,2
PPI,2021-07-14,46,Producer Price Index,2
PPI,2021-08-12,46,Producer Price Index,2
PPI,2021-09-10,46,Producer Price Index,2
PPI,2021-10-14,46,Producer Price Index,2
PPI,2021-11-09,46,Producer Price Index,2
PPI,2021-12-14,46,Producer Price Index,2
PPI,2022-01-13,46,Producer Price Index,2
PPI,2022-02-11,46,Producer Price Index,2
PPI,2022-02-15,46,Producer Price Index,2
PPI,2022-03-15,46,Producer Price Index,2
PPI,2022-04-13,46,Producer Price Index,2
PPI,2022-05-12,46,Producer Price Index,2
PPI,2022-06-14,46,Producer Price Index,2
PPI,2022-07-14,46,Producer Price Index,2
PPI,2022-08-11,46,Producer Price Index,2
PPI,2022-09-14,46,Producer Price Index,2
PPI,2022-10-12,46,Producer Price Index,2
PPI,2022-11-15,46,Producer Price Index,2
PPI,2022-12-09,46,Producer Price Index,2
PPI,2023-01-18,46,Producer Price Index,2
PPI,2023-02-14,46,Producer Price Index,2
PPI,2023-02-16,46,Producer Price Index,2
PPI,2023-03-15,46,Producer Price Index,2
PPI,2023-04-13,46,Producer Price Index,2
PPI,2023-05-11,46,Producer Price Index,2
PPI,2023-06-14,46,Producer Price Index,2
PPI,2023-07-13,46,Producer Price Index,2
PPI,2023-08-11,46,Producer Price Index,2
PPI,2023-09-14,46,Producer Price Index,2
PPI,2023-10-11,46,Producer Price Index,2
PPI,2023-11-15,46,Producer Price Index,2
PPI,2023-12-13,46,Producer Price Index,2
PPI,2024-01-12,46,Producer Price Index,2
PPI,2024-02-14,46,Producer Price Index,2
PPI,2024-02-16,46,Producer Price Index,2
PPI,2024-03-14,46,Producer Price Index,2
PPI,2024-04-11,46,Producer Price Index,2
PPI,2024-05-14,46,Producer Price Index,2
PPI,2024-06-13,46,Producer Price Index,2
PPI,2024-07-12,46,Producer Price Index,2
PPI,2024-08-13,46,Producer Price Index,2
PPI,2024-09-12,46,Producer Price Index,2
PPI,2024-10-11,46,Producer Price Index,2
PPI,2024-11-14,46,Producer Price Index,2
PPI,2024-12-12,46,Producer Price Index,2
PPI,2025-01-14,46,Producer Price Index,2
PPI,2025-02-13,46,Producer Price Index,2
PPI,2025-03-13,46,Producer Price Index,2
PPI,2025-04-11,46,Producer Price Index,2
PPI,2025-05-15,46,Producer Price Index,2
PPI,2025-06-12,46,Producer Price Index,2
PPI,2025-07-16,46,Producer Price Index,2
PPI,2025-08-14,46,Producer Price Index,2
PPI,2025-09-10,46,Producer Price Index,2
PPI,2025-11-25,46,Producer Price Index,2
PPI,2026-01-14,46,Producer Price Index,2
PPI,2026-01-30,46,Producer Price Index,2
PPI,2026-02-27,46,Producer Price Index,2
PPI,2026-03-18,46,Producer Price Index,2
PPI,2026-04-14,46,Producer Price Index,2
PPI,2026-05-13,46,Producer Price Index,2
PPI,2026-06-11,46,Producer Price Index,2
PPI,2026-07-15,46,Producer Price Index,2
PPI,2026-08-13,46,Producer Price Index,2
PPI,2026-09-10,46,Producer Price Index,2
PPI,2026-10-15,46,Producer Price Index,2
PPI,2026-11-13,46,Producer Price Index,2
PPI,2026-12-15,46,Producer Price Index,2
Retail,2021-06-15,436,Monthly Retail Trade and Food Services,2
Retail,2021-07-16,436,Monthly Retail Trade and Food Services,2
Retail,2021-08-17,436,Monthly Retail Trade and Food Services,2
Retail,2021-09-16,436,Monthly Retail Trade and Food Services,2
Retail,2021-10-15,436,Monthly Retail Trade and Food Services,2
Retail,2021-11-16,436,Monthly Retail Trade and Food Services,2
Retail,2021-12-15,436,Monthly Retail Trade and Food Services,2
Retail,2022-01-14,436,Monthly Retail Trade and Food Services,2
Retail,2022-02-16,436,Monthly Retail Trade and Food Services,2
Retail,2022-03-16,436,Monthly Retail Trade and Food Services,2
Retail,2022-04-14,436,Monthly Retail Trade and Food Services,2
Retail,2022-04-25,436,Monthly Retail Trade and Food Services,2
Retail,2022-05-17,436,Monthly Retail Trade and Food Services,2
Retail,2022-06-15,436,Monthly Retail Trade and Food Services,2
Retail,2022-07-15,436,Monthly Retail Trade and Food Services,2
Retail,2022-08-17,436,Monthly Retail Trade and Food Services,2
Retail,2022-09-15,436,Monthly Retail Trade and Food Services,2
Retail,2022-10-14,436,Monthly Retail Trade and Food Services,2
Retail,2022-11-16,436,Monthly Retail Trade and Food Services,2
Retail,2022-12-15,436,Monthly Retail Trade and Food Services,2
Retail,2023-01-18,436,Monthly Retail Trade and Food Services,2
Retail,2023-02-15,436,Monthly Retail Trade and Food Services,2
Retail,2023-03-15,436,Monthly Retail Trade and Food Services,2
Retail,2023-04-14,436,Monthly Retail Trade and Food Services,2
Retail,2023-04-24,436,Monthly Retail Trade and Food Services,2
Retail,2023-05-16,436,Monthly Retail Trade and Food Services,2
Retail,2023-06-15,436,Monthly Retail Trade and Food Services,2
Retail,2023-07-18,436,Monthly Retail Trade and Food Services,2
Retail,2023-08-15,436,Monthly Retail Trade and Food Services,2
Retail,2023-09-14,436,Monthly Retail Trade and Food Services,2
Retail,2023-10-17,436,Monthly Retail Trade and Food Services,2
Retail,2023-11-15,436,Monthly Retail Trade and Food Services,2
Retail,2023-12-14,436,Monthly Retail Trade and Food Services,2
Retail,2024-01-17,436,Monthly Retail Trade and Food Services,2
Retail,2024-02-15,436,Monthly Retail Trade and Food Services,2
Retail,2024-03-14,436,Monthly Retail Trade and Food Services,2
Retail,2024-04-15,436,Monthly Retail Trade and Food Services,2
Retail,2024-04-23,436,Monthly Retail Trade and Food Services,2
Retail,2024-05-15,436,Monthly Retail Trade and Food Services,2
Retail,2024-06-18,436,Monthly Retail Trade and Food Services,2
Retail,2024-07-16,436,Monthly Retail Trade and Food Services,2
Retail,2024-08-15,436,Monthly Retail Trade and Food Services,2
Retail,2024-09-17,436,Monthly Retail Trade and Food Services,2
Retail,2024-10-17,436,Monthly Retail Trade and Food Services,2
Retail,2024-11-15,436,Monthly Retail Trade and Food Services,2
Retail,2024-12-17,436,Monthly Retail Trade and Food Services,2
Retail,2025-01-16,436,Monthly Retail Trade and Food Services,2
Retail,2025-02-14,436,Monthly Retail Trade and Food Services,2
Retail,2025-03-17,436,Monthly Retail Trade and Food Services,2
Retail,2025-04-16,436,Monthly Retail Trade and Food Services,2
Retail,2025-04-25,436,Monthly Retail Trade and Food Services,2
Retail,2025-05-15,436,Monthly Retail Trade and Food Services,2
Retail,2025-06-17,436,Monthly Retail Trade and Food Services,2
Retail,2025-07-17,436,Monthly Retail Trade and Food Services,2
Retail,2025-08-15,436,Monthly Retail Trade and Food Services,2
Retail,2025-09-16,436,Monthly Retail Trade and Food Services,2
Retail,2025-11-25,436,Monthly Retail Trade and Food Services,2
Retail,2025-12-16,436,Monthly Retail Trade and Food Services,2
Retail,2026-01-14,436,Monthly Retail Trade and Food Services,2
Retail,2026-02-10,436,Monthly Retail Trade and Food Services,2
Retail,2026-03-06,436,Monthly Retail Trade and Food Services,2
Retail,2026-04-01,436,Monthly Retail Trade and Food Services,2
Retail,2026-04-21,436,Monthly Retail Trade and Food Services,2
Retail,2026-05-14,436,Monthly Retail Trade and Food Services,2
Retail,2026-06-17,436,Monthly Retail Trade and Food Services,2
Retail,2026-07-16,436,Monthly Retail Trade and Food Services,2
Retail,2026-08-14,436,Monthly Retail Trade and Food Services,2
Retail,2026-09-16,436,Monthly Retail Trade and Food Services,2
Retail,2026-10-15,436,Monthly Retail Trade and Food Services,2
Retail,2026-11-17,436,Monthly Retail Trade and Food Services,2
Retail,2026-12-16,436,Monthly Retail Trade and Food Services,2
